,title,review,rating,userName,date,isEdited,Company_name
0,Like it,"I have been using this app for over a year and I like it a lot. I‚Äôm giving it 4 stars only because the coupons could be better and being a member could get you more coupons, but they give you only 3 good coupons for the month and that‚Äôs all. I would like to see better coupons and more of them, especially since you have some very loyal customers! That‚Äôs just me though and only my opinion.",4,Nick old nick,2019-10-13 16:10:56,False,Baskin Robbins
1,Barely working,"I do not have a plastic B-R card so having the T-Mobile offer was an opportunity to download the App and create a virtual card since it may be the end of April, but it‚Äôs still too cold for ice cream and the promo value will expire shortly if not transferred to a gift card. I much prefer a virtual card.
This App is not at all intuitive when trying to apply the T-Mobile promo to a new virtual card. I eventually got it to work after several attempts and apologies from the App about the App not being able to add the promo at that time. I did it a few days ago and may have gone through the website since the App was being difficult.
Now I have a second T-Mobile promo I wanted to add to my existing virtual card and that feature is not possible as a reload at this time. I tried creating an additional virtual card and that is also not possible at this time according to the App which says I can do it online or in the store.
If the T-Mobile offer was going to exacerbate an already disfunction App you are only further embarrassing B-R and T-Mobile before the App could accommodate the T-Mobile offer.
I will try the website again but whether I succeed or fail that doesn‚Äôt change my opinion of the App.",1,Kplan23,2018-04-22 18:10:37,False,Baskin Robbins
2,Terrible App!,"I did the whole 9 yards-the app, my info, took forever to even maneuver it‚Ä¶
sent my best friend not one but TWO gift cards-of course, my $ pulled from my bank right away. I know my bf‚Äôs info by heart. Her email has NEVER changed-she NEVER got either card. Have YRIED to get through to someone for a solution but to no avail. I‚Äôm a disabled veteran with hands/fingers that barely work‚Ä¶only stating this because I spent SOOO much time filling out every little thing B-R‚Äôs asked for and got NOTHING for ALL that time & trouble!!  Someone somewhere got paid w/ my $!! 
Waist of my time!
(Salt in the wound-just recently one of our only 2 stores just folded up & went away. Now we have one. Only ONE-and to bring my business to them-it‚Äôs a 40 minute drive 1-way. LOVE the couple that runs it but considering most all of us take the time to download an app to be able to get some kind of a coupon or treat from time to time and ice cream prices have gone up like everything else‚Ä¶just a sad deal. 
Sheryl",1,Kiser12,2021-08-12 19:03:19,False,Baskin Robbins
3,Timer for coupons?!,"I love Baskin Robbins but this app is probably the worst restaurant/store app I‚Äôve ever used. It crashed while I was making an account and now my birthday is wrong and there‚Äôs no way to fix it. I went in today to use a coupon offered in the app, only to find there was a timer once activated. It said ‚Äú5:00‚Äù and I assumed that must mean 5 hours, but actually it was 5 minutes! By the time it was my turn it coupon was gone. Fortunately the store has excellent customer service and honored the coupon anyway even though I didn‚Äôt even ask for them to since it was my mistake for ‚Äúactivating‚Äù the coupon too early. This timer for coupons is completely ridiculous and I can‚Äôt see any benefit to the customer or the stores for having such an aggravating feature. I am deleting this app, and encourage others to avoid this app altogether.",2,MrsKM5,2018-06-15 00:01:21,False,Baskin Robbins
4,Was Nice When It Worked,"I‚Äôve had this app for a while and have used it to order cakes for family events a few times. It was great, because I could put the information in and it just worked, and that‚Äôs all I wanted. 

But since the latest app update, I can‚Äôt check out. I enter all my credit card information (which, by the way, why can‚Äôt a major company like this use Apple Pay so that I don‚Äôt have to manually type my credit card?! It is 2021!) and all my contact information, and the ‚Äúcomplete order‚Äù button at the bottom just doesn‚Äôt do anything. No errors, I‚Äôm not missing any fields - it‚Äôs just like the button isn‚Äôt there at all. 

Yikes. If your app is literally preventing people from buying your products, it may be time for a do-over.",1,sallyfour,2021-05-08 19:01:16,False,Baskin Robbins
5,Crashed when trying to use coupon.,"I love Baskin Robbins but this app is horrible. Probably the worst food app I‚Äôve ever used. Really counterintuitive. I tried to order a cake through it and even though the cake was $45 and it was the only thing in the cart, it said the grand total was $180?!! So I call the store to order. When I go to pick it up, I try to redeem the $5 off coupon I have and right when I click the coupon it says ‚Äúunhandled exception occurred‚Äù and then the reward disappeared. The lousy thing is the store wouldn‚Äôt even honor the discount after I told them about the issue. I mean I know they aren‚Äôt the ones responsible for the app but it‚Äôs just bad business all around. Nice trick on pretending I‚Äôll get a discount when I won‚Äôt.",1,EstherJP,2021-11-24 02:37:10,False,Baskin Robbins
6,Worthless app,"I have been unsuccessful In trying to order a cake for my son‚Äôs birthday in a few days.  I get all the way through picking out the design, cake variety, ice cream flavor and message, but when I actually go try to checkout, I get an error message‚Äî‚ÄúError: Looks like we‚Äôre frozen.‚Äù  It‚Äôs very annoying.  I‚Äôve tried logging out then logging back in, restarting my phone, uninstalling and reinstalling the app, but I get the same result every single time.  In going back through all the app reviews here, it seems like the same problems were there from years ago and nothing was fixed.  I guess Baskin & Robbins just doesn‚Äôt care that they have a craptastic app.",1,KiraKiraMeansSparkle,2021-12-29 00:47:11,False,Baskin Robbins
7,Not worth it,"I don‚Äôt even know where to start. I‚Äôve tried to order a few different cakes through this app. I ended up having to go in to the store to do it because the apps wouldn‚Äôt accept payment. The app was slow and awkward for ordering. 

Also, I get notifications that there are new coupons on the app. Coupons. Their word. Not mine. I have never gotten a coupon nor have I gotten a deal under their deals. I exclusively get promotions. Try one of this drink or this new flavor or we have cakes for graduation. Those are not coupons. Those are not deals. 

DQ has a great app. Their ice cream may not be as good as BR but the app is worth having. It‚Äôs time to for me to delete the BR app.",1,HailNAyrCad,2021-09-16 21:18:43,False,Baskin Robbins
8,"Love you guys, buuuut.....","Baskin Robbins is an amazing company to me and I love it always. What would make me a much better, and happier, is if their digital options to purchase didn‚Äôt only come from Door Dash. I‚Äôve been hoping, and waiting patiently for the app to update properly to make it so I can order online ice cream and cakes but I haven‚Äôt been lucky. While I can buy some flavors in Fred Meyer, I want to support this franchise directly because my favorite flavor is actually ‚ÄúDaiquiri Ice‚Äù & ‚ÄúChocolate Chip Cookie Dough‚Äù. 
I also tried ordering on the website thinking ‚Äúthere‚Äôs no way this doesn‚Äôt work‚Äù and I was wrong. Please fix both of them so that we can all enjoy what we grew up on. I would love to see you guys thrive into the future.",1,phissyj,2020-03-01 05:43:53,False,Baskin Robbins
9,App and websites both don‚Äôt work!,"After wasting 20+mins on its website and its app (cuz the website didn‚Äôt work so I tried to download its app as well), the checkout process still couldn‚Äôt complete but showing me the same error message which I do not know what went wrong. After four attempts I‚Äôm totally fed up and will order with some other shop after I leave this review. In addition, they are asking way too much personal info for ordering a cake, you are required to leave your address and phone number and email no matter what (sign in as guest or sign up or pick up only).",1,MissLaLaLie,2022-03-05 18:50:25,False,Baskin Robbins
10,Inability to Merge Gift Cards via App,"Surely a business like this can manage to create the option for its app users to merge the gift cards they receive. I find it a bit ridiculous having to e-mail customer service to complete an otherwise simple task. It‚Äôs also a hassle to use the separate gift cards off the mobile app in store...slows down the progression of the line and makes for uncomfortable exchanges. Otherwise, a decent app. New flavors and promotions are always up to date and the notifications are sound.",3,EmsterQueen,2018-07-11 03:36:46,False,Baskin Robbins
11,Baskin Robbins app: not as advertised; total disappointment,"When a business offers a perk BASED on the condition that you get their app, my experience is that most deliver on their promises. Not this one. After over a week of it not working, I went to my local BR & showed them & asked them to help. The bottom line is that they had no solution & didn‚Äôt seem to care. As I was about to order my sundae (anyway), I felt a sense of having been duped. Instead, I said I had to go & give this app 0 stars- which I WISH was an option. If you want the app to facilitate buying more Baskin Robbins products, get it. If you want it for the perks or promises, good luck.",1,pjtv,2019-05-25 04:55:15,False,Baskin Robbins
12,App needs to be fixed,This app used to be great when it worked. And being that there must be some sort of partnership with the app developers who do the Dunkin‚Äô app I put the blame on them for all the issues logging in to the apps. Until they can resolve this error communicating with server issues I will not be going to either Baskin Robbins or Dunkin if I can‚Äôt access the coupons and gift card balances I have with them.,3,Delirious453,2020-05-20 18:50:48,False,Baskin Robbins
13,Pointless.,"What is the point of this app even existing if you can‚Äôt actually mobile order a cone, a milkshake or a sundae on it? You can only buy cakes and quarts of ice cream. Then you get in the drive-thru and have to wait too long to put in your order, even though there‚Äôs only one other car in line. Then you tell them what you want and you have to repeat it because they didn‚Äôt hear you say it the first time. üôÑü§¶üèº‚Äç‚ôÇÔ∏è Epic FAIL. Plus the app isn‚Äôt very intuitive or user friendly, it‚Äôs a bit stiff. Whoever designed this needs to be fired from the UI/UX team ASAP!!!!!!! üëèüèªüëèüèªüòÇ",1,Jazz_Risenhoover,2021-08-31 04:38:40,False,Baskin Robbins
14,This app is so frustrating!,"I wanted to buy a birthday cake for my father, but the app won‚Äôt let me complete the checkout. It keeps freezing, and I‚Äôve tried repeatedly to get it to work only to be met with the ‚ÄúSorry looks like we‚Äôre frozen!‚Äù notification. There‚Äôs way too many loading errors on the app in general. The layout for the app is just clunky, there‚Äôs no search bar so you have to scroll through all their cakes in order to find the one you‚Äôre looking for. I just wanted to buy a birthday cake but man....this app makes it impossible",1,Aviibearr,2020-07-01 20:39:19,False,Baskin Robbins
15,Gift cards,"I could do everything fine on the app but I got a bunch of T-Mobile Tuesdays offers which are only $2 each, and there‚Äôs no way to combine the offers. Also, it truly bugs me that I can‚Äôt use them online and I couldn‚Äôt sign into my account online to order a cake for my sisters birthday. I had to get myself to the store, choose one of the few cakes they had, and then use the gift cards one at a time. The poor people behind me had to wait about 15 minutes, and I had to give my phone to the cashier many separate times. It was embarrassing and utterly unacceptable.",1,Alyssa12322,2018-09-29 02:11:45,False,Baskin Robbins
16,App Crashes Every 5 Minutes,"This app is terrible. It won‚Äôt let me log in at all. I‚Äôve already tried deleting and re-downloading the app and changing my password. And Baskin-Robbins prompted me to log into their website and I go to the website and it says I can only log in on the app... which the app won‚Äôt allow me to do. The coupon timer is ridiculous and the stupidest thing I‚Äôve ever experienced. Also some Baskin Robbins locations DO NOT HONOR THE COUPONS! When the app was somewhat working, every time I clicked it, it had logged me out again. Guys there‚Äôs a reason this app has 2 stars...",1,lannayanna,2019-08-01 08:00:45,False,Baskin Robbins
17,Cheated with the coupon,"I decided to splurge on a budget to treat my daughter to ice cream since I had a coupon. We got 2 double scoops on 1-waffle cone & other in a waffle bowl). Using the coupon under deals in the app (buy one cone, get one 50% off). I was expecting to get 50% off one cone making the $5.29/2= $2.65 off to pay less.  The coupon only took off $1.78 (not sure where that amount came fromüò†). The deals on the 31st is no longer; therefore, I expect the coupon be more of a deal.  In this pandemic people can use more of a discount.  I felt cheated.",1,VA-JM,2021-02-11 02:43:59,False,Baskin Robbins
18,?? latest update has caused app to crash,"i used to be able to open app and be automatically logged in & my coupons pulled up, but since the update, i open app and it tells me to log in, which i do through FB, but instead of logging me in, it takes me to a screen that says sign up and when i check that i'm 13 or over, it says account already exists...well duuuuh, log me in though FB then, like i always have. Another thing is the B'day club. why ask for my b'day if its going to change the date by 2 or 3 days? Someone PLEASE GET IT TOGETHER. What is yalls issue?",1,Lilred127,2019-08-01 12:58:15,False,Baskin Robbins
19,Useless,"This app is completely USELESS!!! You can‚Äôt really order anything! I wanted to order a cappuccino blast and a banana split, but guess what?  You can‚Äôt order it!! What‚Äôs the point of having an app if you can only order pre-packed ice cream and brownies.  So.... let me get this straight, this app lets you order things you can go to the store and pick up, but stuff that takes time to make you still have to go in order and wait?  What‚Äôs the point then?  Whoever created this app must have been a genius!! Congrats to them!",1,poopsder,2021-01-29 00:42:42,False,Baskin Robbins
20,A request,So I‚Äôm writing this review hoping that the app could have a merge balance option when you have multiple cards. I had a few cards with $2 in them each and merging them would make paying easier rather than opening each one separately.,4,Bdjedjsksnsk,2018-05-22 19:41:16,False,Baskin Robbins
21,Easy to use and configure,"I love Baskin Robins. I use my TMobile gift cards all the time when I get them. There‚Äôs only one option I would add. Combine gift cards instead of having to switch through a bunch of gift cards. It would help a lot. 

The app works really well for me. No problems and everything is easy to access.",5,Eric bLyons,2018-09-05 18:49:04,False,Baskin Robbins
22,Worst App I‚Äôve used to date,"This app is just disrespectful. I feel like BR hired a bunch of first year programming students to make this app. Nothing works. I‚Äôm always looking at a ‚Äúloading‚Äù screen. App crashes all the time. It‚Äôs not worth the hassle to do anything on this card. It makes me not want to visit BR. I don‚Äôt understand how because the Dunkin Donuts app is phenomenal. If I didn‚Äôt know it before, today I am convinced Baskin Robbins is a failing company with no value over other ice cream shops. What a joke. Go to a local place instead. I‚Äôll bet their ‚Äúreward system‚Äù is better anyways",1,Chillllama,2018-07-10 17:15:28,False,Baskin Robbins
23,Sorry to say :/,"I downloaded this app around Father‚Äôs Day and tried to purchase a gift card for my dad. I was charged 5 times for one gift card cuz the app said there was an error message several times I tried to complete the order. Then after several attempts of reaching out to customer service I still have yet to get the money that was over charged back. :/ Bummed I don‚Äôt have something better to say about this app, but very disappointed with my experience.",1,Mea C.,2020-07-10 02:57:58,False,Baskin Robbins
24,Needs improvement,I love going to Basking Robbins but i hate this app. I have gift cards on the app but every time i go in store to try and use them they struggle and they apologize and tell me I can‚Äôt use it. Not only that but i also can‚Äôt merge them so when i was able to use them and it was once i had to individually scan each gift card. This app is such a let down for a growing ice cream shop. If you‚Äôre going to give me the option to pay from on my phone you need to make sure it works.,1,Philomenam,2018-05-27 01:46:43,False,Baskin Robbins
25,Worst app I have ever used,"Not only does this app frustrate you just trying to make an account to log in, which by the way you can‚Äôt, you are forced to use Facebook to log in... but even once you are in and want to pay, it asks you for a log in again, and there is no way around this one. It‚Äôs just a constant loop of asking for a log in name and password.

USELESS APP by a large company like Baskin Robbins. If I could give negative star ratings, this app would deserve it.

BTW, using the app on an iPhone 8 with iOS 11.1",1,TZRaceR,2017-10-31 21:58:41,False,Baskin Robbins
26,FREE ICE CREAM? WAIT 24 HOURS,"I thought I was gonna get his app while I was in the store and get a free cone, from what it said on the door that was how in worked. Nope. You have to wait 30 hours for the coupon to deliver. The app is also poorly organized, it looks like a collage. Terrible. Half the coupons there also have a catch, such as $3 off and in tiny words that u can barely read says ‚Äúminimum $15 purchase‚Äù. I‚Äôm very dissatisfied and hope they fix their app soon. Because I‚Äôm deleting it. What a waste of space!!",1,Basic bish,2018-06-18 01:11:31,False,Baskin Robbins
27,Horrible...hasn‚Äôt worked in months,"Im not sure what happened to the app but it was working perfectly fine. All of a sudden it wont accept my email or password. When I reset it, it still doesn‚Äôt work!! I sign up all over again and the same thing happens with a different email. 
When I go online to log in, it works like the app used to! Can someone please fix this or add coupons to the website? Thanks.",1,Lexlex2000,2020-05-01 04:21:40,False,Baskin Robbins
28,Don‚Äôt work,I can‚Äôt believe this app has 4 stars when it does work at all. I was able to register but when I tried to order something it takes us straight to find a store after you select one it does NOTHING! it doesn‚Äôt even have a next button so you are not able to move forward. I try to make an order online as well and it has the same issue. Very frustrating!,1,DebraSO,2022-01-18 20:38:54,False,Baskin Robbins
29,Merge balance needed!,"4 stars, overall great except it could be better if they added the merge card balance option. It‚Äôs easier when paying and convenient when you are not using more than one card.",4,Jackiecr1507,2018-09-06 04:55:44,False,Baskin Robbins
30,Got me in trouble!,"My boyfriend wanted ice cream from Baskin Robins. I decided to download this app-which surprisingly downloaded pretty fast. I went to look up the ice cream flavors and topping flavors and the stupid app only listed cakes, novelties, pints, it even listed candles-really candles but not the flavors of ice cream. Seriously, the ice cream flavors were not listed. My boyfriends patience wore thin and he left the room frustrated with me! This is a ‚ÄúThanks for nothing‚Äù app. Don‚Äôt waste your time downloading it!",1,Leenybeeny,2022-01-23 02:41:06,False,Baskin Robbins
31,App is horrible,"Almost every time I use this app, something doesn‚Äôt work. It‚Äôs usually the login. Today it did not accept my password and when I used the app to change it, the recovery email took me outside the app. For the fun of it, I tried to set my not-working password as my new password but it was not accepted because it was already used by me. Then, after actually creating a new password, the app did not recognize it either.",1,LMG GemLover,2019-08-01 02:35:01,False,Baskin Robbins
32,Needs more improvement,I love Baskin-Robbins but their sometimes don‚Äôt work in registers especially gift cards so k have many gift cards giving to me since they know my kids love their ice cream. I wish I can combine the gift cards just like the one from Dunkin‚Äô Donuts. I wish u guys make this option available. Other than that it‚Äôs updates need more work like able to order online pickup or who knows.,2,chapina14313,2018-08-23 20:11:20,False,Baskin Robbins
33,Avoid at all costs,"So I decided to try the app for my kids. Wanted to treat them. The app make it difficult to register. Then saw the deals they had, was excited, but when I went to the store, was told that it was invalid even though I just registered. Even tried to order just a single scoop and the app apparently does NOT allow that at all. So avoid this app unless u want to waste your time.",1,Elich77,2022-03-25 03:01:53,False,Baskin Robbins
34,Birthdate,I just downloaded this app... and i put my birthday as July 27... and when i look at the date a few minutes later... it says 7/25 or 7/26... i dont want those dates i want 7/27... fix please and add a birthdate editing system... i think my only problem right about now is the birthdate... so i don‚Äôt know about the rest of the app,3,AliceClaros,2019-07-21 22:38:49,False,Baskin Robbins
35,Horrible,"As a T-Mobile customer, I have been unable to redeem the codes given to us. Using ‚Äúforgot my password‚Äù just sends a new password for their birthday club but doesn‚Äôt help you sign in. As everyone else said, Facebook login probably works but if you can‚Äôt get your app working properly I can‚Äôt imagine you‚Äôd be using my Facebook information responsibly either. I hope T-Mobile drops BR and just gives DD codes until you fix this.",1,Bassichonda96,2018-06-21 22:46:02,False,Baskin Robbins
36,Disruptive bloatware. Not a functional app.,"Don't let them fool you. This is only really an app for custom ordering cakes. There are no coupons here for customers who like ice cream and sundaes. Never any new coupons and sends disruptive push notifications for the same three tired promos. I just don't want a mangonada. I've had the app for over a year, so I think it's fair to say I gave it a good chance!! Just bloats my phone.",1,Argenteuil,2021-05-16 18:07:18,False,Baskin Robbins
37,Cannot Log In,"I signed up for this app right before National Ice Cream Day.  I could log in fine and had coupons which included a free single scoop which would expire on July 31.  When I went to use it I could not log into my account.  I reset my password but still could not log in.  It is now a few weeks later and still says error on their end.  So lost my free ice cream.  Well, at least the app did not cost anything hence the 1 star.",1,Kikichan2000,2019-08-06 20:57:48,False,Baskin Robbins
38,Useless app,Not able reload app with gift card for more than two months. Website doesn‚Äôt have option to redeem gift card. BR is totally crap app and experience. Better to have other ice creams than these. They never forget to spam you even if you unsubscribe. Why there is no zero or negative rating here. Online order never goes through. I will not trust BR with my card details if they have such a crappy tech support.,1,AloneDreamer,2018-08-21 18:33:10,False,Baskin Robbins
39,Directions not clear,"I just downloaded with intentions to purchase items for a group. After twenty minutes of futzing around with it, I still cannot figure out how to add items to my shopping cart. This app is laid out differently than others as I don‚Äôt see radio buttons or any kind of ‚Äúadd here‚Äù to add items to my bag. Unless this is a recent bug- someone needs to add what to do to FAQ or somewhere. Thanks. Loyal customer and ex exployee over 30yrs algo.",1,RoSaid...,2020-01-13 23:31:46,False,Baskin Robbins
40,Maybe at points for each purchase,It would be nice to have a point system going on. For each dollar you spend you can gain points towards a feee scoop etc,4,brittmaw,2020-03-28 23:10:24,False,Baskin Robbins
41,Login?,"Why in the world would I need an app, if it doesn‚Äôt even have fingerprint/face ID login? I thought that‚Äôs the main reason to have an app? So you can log in easily? If it doesn‚Äôt do that, why do I need an app? I could just log in with the browser...
I‚Äôm not really using the app, except to use a coupon occasionally, but that log in thing really bugs me. It‚Äôs 2019!",2,miya361,2019-07-02 16:39:31,False,Baskin Robbins
42,Needs A Merge Balance Option,So Baskin Robbins and Dunkin‚Äô Donuts are pretty much the same company. So how come on the DD app you can merge all of your card balances but you can‚Äôt do that on the BR app ? It‚Äôs such a pain to go to the store and swipe through several cards to pay and start a line of people behind me as the cashier is patiently trying to scan them all. Please fix this and make it just like the DD app and let us finally merge our card balances.,1,Breaktj,2018-09-19 13:44:38,False,Baskin Robbins
43,Could be a lot better,"One annoying thing is you cannot merge balances from different cards stored in the app into one card. I loaded several $2 cards I received into the app and each one had to be scanned separately at checkout, not the end of the world but it makes an otherwise quick transaction take longer than it should.",2,mday_71,2018-06-20 19:29:37,False,Baskin Robbins
44,Great Cakes!,I think up occasions to buy a BR cake! They always are fresh and beautiful. The Kanawha City store does an excellent job. The designs are perfect and I‚Äôve never had an order that was wrong in any way.,5,Rabbit fit,2021-03-26 12:57:54,False,Baskin Robbins
45,Great Service!,Always greeted with a smile! They go out of their way even when they probably don‚Äôt want to so they provide great customer service.  Worth a ‚Äúcheat‚Äù day!,5,Aheatherly3569,2021-02-14 20:23:08,False,Baskin Robbins
46,Doesn‚Äôt Work,"This is one of the worst food apps I have ever used. It continuously crashes to the point where I can‚Äôt even sign in. It also signs me out every time I close the app but gives me difficulty with signing in too. Now thanks to this terrible app, I can‚Äôt even access the gift cards I have linked to this account. Totally frustrated.",2,PrincessRice,2018-07-10 18:26:04,False,Baskin Robbins
47,Worst Restaurant App Ever,"I‚Äôve never used an app for a store/ restaurant that is so bad. There has to be bots rating this 5 stars because it‚Äôs a 2 at best. It‚Äôs so difficult to order on and a very strange set up. The designer needs to be fired. Also, it‚Äôs very glitchy and doesn‚Äôt include the whole menu when you want to order takeout. You can‚Äôt even order a cone or anything like that. Quite a strange app.",1,B Risko,2021-06-25 04:18:44,False,Baskin Robbins
48,Even more useless after updating,"Update 7/10: After this newest update, this app is worse even more!! No way to log in except using facebook even though I‚Äôve always have an account!!! So now I can‚Äôt add my gift cards anymore!!!

It has a bunch of things but they are mostly useless and takes forever to load anything! And THEY NEED TO HAVE A FEATURE TO COMBINE ALL THE GIFT CARDS INTO ONE AKA TRANSFER MONEY FROM ONE GIFT CARD TO ANOTHER! Even dunkin donuts has that feature!!!",1,babyloo_23,2018-07-11 02:14:18,False,Baskin Robbins
49,The app is to clunky,"You can‚Äôt or barely can scroll down when loading a gift card. Sometimes tapping on things won‚Äôt apply it. I lost a gift card because I never made an account, once I did the gift card was still missing.

You can‚Äôt even combined the gift cards so you waste time and space scrolling for cards.

A lot of things can be removed to make the app more usable and appealing.",1,Zimmy375,2018-07-10 19:38:52,False,Baskin Robbins
50,Horrible app,"I was at the register trying to check out when the app decided to not let me use it because I had an outdated version. It prompted me to click ok to upgrade which I did and nothing happened. This took some time to upgrade. Then my free scoop
Of ice cream which you get when you download the app showed up in stores as not valid. This app is a joke, kind of like the stores. Get it together and hire a new IT team.",1,Brit_Poy,2017-09-01 16:42:20,False,Baskin Robbins
51,these technical issues need to be thawed through !!,"I have been trying to order birthday ice cream cake for the past three days via both web and app, but both app/web have been freezing, and cannot place an order. called a local store but no one is picking up the phone üò≠ these technical issues need to be thawed through!!",1,tmurase,2021-06-13 16:45:27,False,Baskin Robbins
52,Absolute trash.,It continues to change when my birthday is and honestly that was the only reason I even got the app in the first place. It‚Äôs saying my birthday was a few days ago when it isn‚Äôt until later this week. I know it‚Äôs only a few days but I wanted to fix it and all it does is make it worse. It crashes and takes forever to load. Not worth it,1,Ayemdee711,2019-07-09 06:44:15,False,Baskin Robbins
53,Needs major updating,"Cant merge cards together I have about 50 in there right now. Email customer service which takes 2-3 days for a reply saying they are able to merge cards so emailed back all the card numbers, took another 2-3 days for a reply saying they could only merge 10 cards........ PLEASE make it available on the app to merge cards so it‚Äôs easier for BR workers and for others with the app.",1,jovram,2017-10-26 02:04:10,False,Baskin Robbins
54,Worst app,"Worse app ever, that‚Äôs a joke that this app won‚Äôt let you merge balance into one card I‚Äôm a T-Mobile Tuesday customer and I get them when they have this option but it‚Äôs ridiculous that I have to keep several gift cards in this app. It looks that Baskin-Robbins doesn‚Äôt care about this issue since I‚Äôm not the only one complaining about it and they still haven‚Äôt fix it.",1,AcardosoP,2018-09-18 22:38:30,False,Baskin Robbins
55,Worthless App,"This app is worthless and cannot be used to order on an IPhone.  When it is asking for an expiration date for the credit card, it does not automatically input a ‚Äú/‚Äú between the month and year.  Only problem is there is no ‚Äú/‚Äú on the keyboard.  Avoid this useless product at all cost....",1,Woobstr112G,2020-12-26 17:30:12,False,Baskin Robbins
56,promotion,I was really interested in the stranger things promotion sweepstakes but it seems like everyone has the same issues. The password doesn‚Äôt work after you‚Äôve already downloaded the app and made an account. it‚Äôs all a scam to make you download their stupid app. maybe i would‚Äôve kept it with the rest of my barely used apps in a folder but y‚Äôall like to lie so here we are.,1,kara69420,2019-07-16 11:02:44,False,Baskin Robbins
57,Needs More items,"I downloaded this app hoping to be able to order my drinks and was unsuccessful due to them not offering Baskin Robbins shakes, cappuccino blast etc. Also I was going to order my daughter cake but it doesn‚Äôt give you the option to change the color icing. So I guess now I have no choice but to go into the store.",1,aimeebethine,2021-03-03 00:42:38,False,Baskin Robbins
58,App logs you out every time!,"It‚Äôs so frustrating when you have to sign into an app every single time you use it. I don‚Äôt remember this being a problem before the last few weeks. Now every time I close the app, it logs me out. It doesn‚Äôt even give an option to stay logged in or ‚Äúremember me‚Äù or even allow for Touch ID/Facial ID. This app is seriously disappointing!",1,FlyBoy Jr,2019-07-31 17:52:20,False,Baskin Robbins
59,Barely Works????,"The app is barely functional, it lets you add gift cards but doesn‚Äôt let you merge the balances if you have more than one. And it doesn‚Äôt even let you add money onto your gift card! I believe it‚Äôs time for an update that gives the ability to do both. Every other apps like this one will let you add money and merge balances so I don‚Äôt know why your app doesn‚Äôt.",1,tabber57,2018-08-21 19:40:45,False,Baskin Robbins
60,Login Issues,You need to update the app so you can login in with Facebook. I have been having issues for a while. Even deleted the app because I couldn‚Äôt login with Facebook. Update please.,4,ZMan_101,2019-11-19 20:09:32,False,Baskin Robbins
61,Need update,The app is just okay but the thing that you really need to update it in it is to allow us to merge the balances of different gift cards in one card,4,Jjjnjnjj,2018-05-30 03:34:58,False,Baskin Robbins
62,Okay,My only complaint is that there still is no feature to combine the value of your gift cards! I get T-Mobile gift cards to BR sometimes and I have a lot stored up. Dunkin‚Äô Donuts already has the feature so why can‚Äôt I have that feature too?,3,Big daddy Shanice,2019-06-18 22:00:26,False,Baskin Robbins
63,Horrible app of you want to sell product,Can‚Äôt get a gift card and I‚Äôve tried multiple cards but always get error. It won‚Äôt load the menu items and actually shows nothing under the options. Not really great if you are trying to use it for selling items.,1,zcozadd,2021-07-08 00:12:15,False,Baskin Robbins
64,Needs improvement,"App isn‚Äôt great. It shouldn‚Äôt be that difficult for a company of this size to have a somewhat-functional app.

App desperately needs to not log me out of my account every 48 hours or so, needs to reliably reflect gift card balances, and needs to be able to merge gift card balances.

Please fix this app.",2,Nathan218,2019-06-22 01:37:34,False,Baskin Robbins
65,Unused Coupons,"Went to Baskin thought I was going to use the coupon clicked it but they no longer had what I wanted. Heading to another location and the coupon was gone!! What‚Äôs the point of erasing an unused coupon? If it is not scanned allow customers to at least use it rather than delete it!! Very unfortunate, decided to just go home.",1,Lynn0458,2019-06-04 16:57:49,False,Baskin Robbins
66,"MERGE GIFT CARDS IN APP, please!","Why can't you update app so we can MERGE gift cards? Dunkin Donuts did that a few months ago and it's working out great. Please consider merging soon!
Also, I tried using one of my several gift cards in the app and the store couldn't access it. I had to wind up paying cash. Why??",3,peppyauntie,2018-07-10 11:38:31,False,Baskin Robbins
67,Changing the deals,"Love the App, but my opinion is the deals should be changed a bit more frequently.",5,MPSQUAD01,2019-10-14 02:08:41,False,Baskin Robbins
68,App refresh and functionality need work,"I always have trouble with the app loading when I am looking for the latest deals. Sometimes I will have full reception, but it still won‚Äôt load. It makes it difficult to access the app when I need to.",2,Celisse.01,2019-11-20 22:00:45,False,Baskin Robbins
69,Update local shops,My city had a new Baskin- Robbins open a month ago and they still haven‚Äôt added it to the app. I can‚Äôt even order ahead or look at the menu which is convenient given the drive thru is always very busy.,2,brown_eyes5,2021-01-10 20:08:37,False,Baskin Robbins
70,Useless,"This app is garbage! It worked for awhile and still wasn‚Äôt working as it should, but when I tried logging in yesterday it completely stopped. I tried logging in and can‚Äôt. I tried changing the password and still was unable to log in. I‚Äôm glad that I didn‚Äôt have a balance left on this worthless garbage.",1,Kiki@310,2019-05-02 17:22:33,False,Baskin Robbins
71,Can‚Äôt merge gift cards,"I have the Dunkin Doughnuts app, and it allows for card merging and adding to Apple Wallet, I don‚Äôt understand why the Baskin-Robbins app doesn‚Äôt. They are the same company! I‚Äôm having a hard time understanding who at Baskin-Robbins thinks the merging of gift cards and the ability to add gift cards to Apple Wallet is a bad idea. As a consumer, those things would elevate my shopping experience.",1,FlavorMonster,2018-08-21 16:58:51,False,Baskin Robbins
72,Like it but not to much,First off this is probably the worst food or restaurant app there is no coupons no deals no rewards club no buy one deals nothing there is no point of the app,3,TTT J@COB,2020-08-09 03:26:56,False,Baskin Robbins
73,Unable to view gift cards when updating email address or login,"When I updated my email address to a new one, my gift cards won‚Äôt show up in the app. If I can‚Äôt see them from the app, there‚Äôs no way to use them.

I had to update it back to my old email address to be able to see and use those gift cards again.",1,Arvjuan16,2018-06-07 17:34:47,False,Baskin Robbins
74,Double dipping!,"This is the worst app ever. I won a $20 gift card and tried to put the balance on this App. When I tried to use it, the clerk said it‚Äôs showing the card as invalid and wouldn‚Äôt honor the balance on the app. Not only did my friend pay for a worthless $20 gift card, I had to shell out the full balance to pay for my purchase. Double dipping, not cool Baskin Robbins!",1,Cdvs09,2017-12-31 18:56:47,False,Baskin Robbins
75,Fix Your Online Ordering,"Can't even access my shopping cart on your app OR in your site. Everytime I try all I get is ""Error, looks like we're frozen."" Your ability to service us online, whether through your app or website, is nothing short of frustrating.",1,Ji1HoNg,2021-06-16 22:09:29,False,Baskin Robbins
76,Couldn‚Äôt get the deal,"First time I tried the app, I couldn‚Äôt get the deal for an ice cream cake on my phone. No service in restaurant to show them the
 deal. I tried again for another time months later at a different store, same exact thing happened again!!! What good is the app? All my other apps seems to work fine, no problem. üëéüèºüëéüèº",1,Suntreking,2019-09-07 23:41:15,False,Baskin Robbins
77,Gift card doesn‚Äôt have value when I try to use it,"Even though card shows $2 balance in app, when stores scan it, they say there‚Äôs nothing on card. When I look at transaction history all it shows is the date I created it. What a ripoff!!!",2,Sushi Breath,2018-10-08 16:11:41,False,Baskin Robbins
78,Keep me logged in,"I believe this app is great in every way. But I will not give five stars until it gives you the option of staying logged in. Better yet, how about putting the finger scanner or face recognition as way to log in.",3,What the heck?$&/$:):):',2018-04-09 14:16:55,False,Baskin Robbins
79,App Is Useless,"I love their ice cream, and occasionally use coupon offers, but this app is horrible.  Every time I open it, it asks for the email and password to login - what‚Äôs the point of having an app?  Also, when I click on ‚Äúcontact us‚Äù it just goes back to the main screen, so obviously they don‚Äôt want feedback or questions.",1,Game addict 67,2019-07-15 16:55:13,False,Baskin Robbins
80,All good,My one request would be a way to rate flavors so i can track my favorites through that app.,5,Davidthygod,2019-11-11 01:42:17,False,Baskin Robbins
81,Needs help,"This app is not user friendly in the least. It crashes often, you have to sign into it every single time, it doesn‚Äôt even give an option to save your user name. I love having a new Baskin Robbins in my neighborhood but this app leaves a lot to be desired.",2,GlendaSBall,2019-07-21 23:28:35,False,Baskin Robbins
82,It gets the job done,It‚Äôs an app that‚Äôs straight and to the point. from paying with gift cards and coupons to finding locations.  Just would love to see the option to merge gift cards amounts to one.,3,Gatortech94,2018-05-20 17:54:21,False,Baskin Robbins
83,Ability to merge gift card balances,"Would be nice if you can add an option to merge the gift card balance, similar to feature available in Dunkin' Donuts mobile app. It's a sweet feature to manage the balance in one card than to have multiple cards...",2,avpmahesh,2018-07-10 20:30:46,False,Baskin Robbins
84,Needs basic updated features!,Give the option of merging card balances! I have 6 different gift cards now and should not have to scan multiple cards just for 1 purchase! Makes me not wanna ask for gift cards from you guys as gifts!,2,Juiicy‚Ñ¢,2018-06-20 01:18:21,False,Baskin Robbins
85,Missing Apple Wallet support,"Can‚Äôt add BR cards to Apple Wallet and that‚Äôs a shame. Another app that has to be opened (with it‚Äôs multiple steps and loading times) to use it‚Äôs payment card. Add Apple Wallet support with geolocation to offer it in the lock screen, please, and then I will consider going more often to a BR.",2,willyps,2018-04-17 14:54:06,False,Baskin Robbins
86,Need to combine gift cards,"Baskin-Robbins, we really need a feature that allows us to combine all our gift cards like Dunkin‚Äô Donuts or Starbucks app. Also why do I have to keep logging in when I open app after some days",3,SAMs99,2019-06-24 17:34:02,False,Baskin Robbins
87,Payment issues,What the hell is the point to offer an App if you cannot even use it. Most stores don‚Äôt have WiFi and the few stores that my internet works at doesn‚Äôt take the gift cards through the app. Either update the app or train your employees how to take payment through the app.,1,Purple People Eatter,2019-10-20 02:25:00,False,Baskin Robbins
88,Please Merge,"I hope that on the next upgrade they install a merge balance option, it‚Äôd come in handy... ohhh and also if their barcodes could be compatible with their in-store scanners... other than that it‚Äôs okay to use",3,Cano9109,2018-10-24 03:03:41,False,Baskin Robbins
89,Birthdate automated error,"There was an error on my birthday. I tried to correct it, but it keeps on changing to the day before that date automatically.",3,Wei4Green,2020-04-21 03:45:20,False,Baskin Robbins
90,No coupons anymore,"Use to be able to get a lil bit off with the deals section having coupons but that is no longer the case only advertisements for new flavors or stuff all without discounts 
I‚Äôm deleting this app!",1,timtfarren,2020-08-21 22:13:39,False,Baskin Robbins
91,Gift card balance merge option,"Hello, I didn‚Äôt see any option to merge the balance from one gift card to another gift card. Why can you add that option. Your other brand, Dunkin‚Äô app allow us to merge balance from one card to another.",2,nivas chaudhary,2018-07-10 22:48:10,False,Baskin Robbins
92,Not a very good app,Plain and simple this app is not very good.  Card reload is disabled and you can not combine your cards which is annoying.  Please learn from your counterpart over at Dunkin Ds their app is far superior compared to this one. Even you have have to take theirs and reskin it with a Baskin Robbins theme it would surely work better than this one.,1,SKABBED,2018-09-19 06:33:48,False,Baskin Robbins
93,Trash,"I selected a site and when I click order it doesn‚Äôt have the option for normal ice cream or shakes. It only says cakes, diy, novelty, or quarts... there is also no option to search and the app is super cluttered. Useless since I have to do everything I‚Äôd do in the app in person afterward.",1,ClockJoule,2020-06-03 00:56:30,False,Baskin Robbins
94,Hate logging in every time,"I visit BR regularly (at least 1-2x a month, more in the summer) but not often enough to remember which email and password go with this app and it‚Äôs incredibly annoying to have to look it up every. Single. Time.",2,An iPad novice,2018-08-20 03:34:37,False,Baskin Robbins
95,Broken login,"App won‚Äôt let me login when it used to leave me logged in. It can tell my credentials are valid because it correctly errors with a wrong password, but a login attempt with correct credentials swirls and comes right back to the same screen. I have saved gift cards I want to use. ‚òπÔ∏è",1,bobkobberfig,2019-07-13 01:00:32,False,Baskin Robbins
96,Don‚Äôt bother.,"App is totally useless, doesn‚Äôt let you see menu or order ice cream. And don‚Äôt trust the payment card to update in real time. It may show a balance when in reality you don‚Äôt have any $ left.",2,scrappingnnp,2021-01-22 17:36:02,False,Baskin Robbins
97,Can‚Äôt merge balance of gift cards,"This app is pretty pointless. The whole point of having is so that I can use it to pay without having any inconvenience, but it‚Äôs so bothersome to pay when I can‚Äôt merge the balances of different gift cards!!! Horrible app. Please listen to other users and fix this issue!",1,Charrlit,2018-08-15 04:15:39,False,Baskin Robbins
98,Worse app you will see on apps store,"Could not believe a company like Baskin and Robins will have a application like this. Thats a shame on companies reputation. Guys if your developers are not working properly just out source the job to some cheap company, trust me they will make a better application than this one. Worse performance app.",1,Arfi Alam,2018-07-11 05:13:58,False,Baskin Robbins
99,App and browser website are terrible,"The interface is intuitive, but in both the app and browser website it crashes when trying to process the order. BR needs to figure out the 21st century. For now I‚Äôll be calling the local store by phone maybe...",1,DanMiltonster84,2019-09-06 16:18:33,False,Baskin Robbins
100,Good app,"Overall, this is a helpful app, but I would like to see a link to the nutrition info on it, as well, if you would, please. Thanks.",4,The Sheepdog,2019-03-31 18:04:55,False,Baskin Robbins
101,Piece of garbage,"This app is garbage. You should be able to order from it to your local store. At the very least be able to call your store from it. It gets one star only because it has a good visual menu. But that takes you no where, you can‚Äôt order from it.",1,Mackie Tile,2017-10-06 03:54:18,False,Baskin Robbins
102,Worst Giftcard App Ever Used,I only Have this app because of T-Mobile Tuesdays. You cannot merge cards so it‚Äôs embarrassing when you have to use like five different gift cards. Plus there‚Äôs no point in downloading this app because there‚Äôs no point reward system or anything like that. Fix the app and I‚Äôll fix my review.,1,WixIsntThatGoid,2018-06-19 18:47:41,False,Baskin Robbins
103,Worthless,"I downloaded the app so my son could pick his ice cream before we went to Baskin-Robbins but nothing on the menu is coming up. Hopefully it‚Äôs just a bug and will be fixed soon but until then, it‚Äôs just a waste of storage space.",1,VannDmn,2021-09-17 19:02:08,False,Baskin Robbins
104,App won‚Äôt update Gift Card Balance,The app is great except for it won‚Äôt update the gift card balances. It keeps showing the old balances so it‚Äôs hard to know what is on any of my gift cards.,2,Gurl8999,2020-09-12 15:05:51,False,Baskin Robbins
105,Need to be able to merge or transfer card balances,Need to be able to merge or transfer card balances to 1 card. This app is so behind on the times. So stupid that I have to pay for a $15 purchase and have them scan of my T-Mobile $2 gift cards 7 to 8 separate times.,1,Jaehealy,2018-12-26 23:49:26,False,Baskin Robbins
106,Could be better,This app would be so much better if there was a rewards incentive for members. This would make me more inclined to visit the shop more frequently.,3,Kevinkhabbaz,2019-08-11 00:03:05,False,Baskin Robbins
107,Request,Please add an option to merge gift card balances. Thank you in advance!,5,melgv,2018-09-18 17:19:28,False,Baskin Robbins
108,Coupon,Came in and tried to us a coupon.   Accidentally hit done before employee could scan it and he wouldn‚Äôt give us the discount.,2,chickenjh,2021-01-24 02:39:34,False,Baskin Robbins
109,Gift card not credited,I bought a gift card with an offer of you buy $20 then $5 will be added to my account. I received the notification that I will get$5 but I never received the $5 in my baskin robin account. Not sure what is going on,1,kprashant,2021-01-14 23:01:02,False,Baskin Robbins
110,Gift Cards,The balance remaining on the card does not update! You have to go to the transaction history in order to see the redemption amount and subtract those amounts to get the true balance amount left on the card!,1,80RM,2020-10-24 04:36:57,False,Baskin Robbins
111,Pointless,Can‚Äôt preorder. Find an item of interest then call the closest store only for the phone to ring a million times when finally someone answers but act clueless when requesting what seems to be a ‚Äústandard item‚Äù. Don‚Äôt install. Delete. Waste of time and energy.,1,Momma.Cass,2019-04-13 18:39:48,False,Baskin Robbins
112,Can‚Äôt merge balance,"It‚Äôs a great app with promotions and coupons and store location.
Only disappointment is that I can‚Äôt merge my old card and new card. Wish they have merging capability.",3,coco9019,2018-07-10 23:10:03,False,Baskin Robbins
113,Unable to login for months,"I have a lot of gift cards stored in the app but have been unable to use them because I cannot login to the app. It has been this way for months. Error communicating with server. A01. 
Fix it.",1,HiddenCurrents,2020-05-24 08:45:43,False,Baskin Robbins
114,You can‚Äôt trust this app to work when you need it,"I can‚Äôt log in anymore, therefore all of my gift card balance is lost. It doesn‚Äôt matter how many times I reset my password. It used to work ok. Maybe I should never have updated to the latest version.",1,Lts4Lf,2019-07-31 16:18:55,False,Baskin Robbins
115,Never download this app,I really can‚Äôt check my gift card that I‚Äôve received so I can‚Äôt really know how much money there really is in my card unless i go to the actual store and find out,2,helo123456789013573,2019-05-04 02:53:59,False,Baskin Robbins
116,Login?,"Downloaded, changed password, tried 6 times to get phone verification to work. Still failed. Closed and reopened and just spinning now. We don‚Äôt live near any BR but we are currently traveling and would like to stop. I have an envie for a peanut butter chocolate cone.",1,Ann MB,2021-02-20 19:31:52,False,Baskin Robbins
117,Not letting me log in or get to my gift cards,"And another app that you can‚Äôt effectively give feedback to, even though the app is completely broken right now. I can‚Äôt login, it access my gift cards. Really? Can you please hire people that actually can program?",1,muenchuwe,2019-11-04 02:02:02,False,Baskin Robbins
118,WORST APP EVER,I clicked x on a deal but then the timer started and I got there 10 seconds too late and they just said oh well! I showed them I had the app and told them what happened but they asked me to pay even though you can see I only brought a dollar for tax. It should be no stars,1,perosn49,2019-08-13 04:45:36,False,Baskin Robbins
119,Updated but still no gift card merge,App was just updated today to ‚Äúimprove gift card usability‚Äù but STILL UNABLE TO MERGE GIFT CARDS!!! Their Dunkin‚Äô app has been able to do this for a long time now.  BR programmers need to pick up the phone and ask Dunkin programmers how to get it done. Heck just copy their app and rename it BR. Cmon it‚Äôs 2019 for Pete‚Äôs sake!!!,1,LSU_tigerTX,2019-03-19 05:54:07,False,Baskin Robbins
120,App Glitch,Unable to fix glitch when the app freezes.,4,Glitch0021,2019-08-18 18:18:58,False,Baskin Robbins
121,Balance transfer,"Please allow balances to merge from multiple cards.  It would be way more convenient to use just one card when paying vs multiple cards.  Other retailers (Starbucks, Dunkin‚Äô Donuts, etc) has this function, why can‚Äôt BR do the same?",1,SGT2020,2018-09-23 14:16:47,False,Baskin Robbins
122,Super slow app,It takes 5 minutes to load app and even then it takes another to login which then it will crash a few times before it allows you to finally log in.,1,ExenieWeenie,2018-08-11 07:54:38,False,Baskin Robbins
123,DON‚ÄôT use for e-gift cards!!!,I have 7 gift cards that when scanned I am told ‚ÄúIt says can‚Äôt read barcode‚Äù by the cashier who stands there until you give up and pay cash. It‚Äôs a total scam! The app even says the amount of money on each card but it won‚Äôt let you use it. DO NOT USE THIS APP TO PURCHASE GIFT CARDS BECAUSE ALL THEY ARE DOING IS STEALING YOUR MONEY!!!,1,Tonibologna87,2018-05-23 23:23:08,False,Baskin Robbins
124,It looks nice? Doesn‚Äôt function tho,"It looks pretty at a surface, but apparently you need a baskin robins card to do anything and I can‚Äôt even put gift cards in as the payment method :/",2,Raptor the Eagle,2021-03-26 20:12:28,False,Baskin Robbins
125,Buggy,Won‚Äôt allow me to log on via Facebook anymore. And when I changed my account info through the web page I am able to log on but still not able to log on through the app.,1,RbrtM,2019-11-15 18:59:46,False,Baskin Robbins
126,Always makes me login,It‚Äôs annoying having to login all the time.,4,BellaLunaMommy,2019-10-05 02:26:32,False,Baskin Robbins
127,Glitches,I don't understand why you can't transfer total amounts to other cards.... I have a bunch of two dollar cards when they should be together. And also freezes all the time and wouldn't let me even sign in this morning,1,tinybeanie04,2018-07-11 00:37:54,False,Baskin Robbins
128,No gifts cards on the app,"Their website said I could order mobile gift cards if I get the app, so I got it. Can‚Äôt see anywhere how to order a gift card. Good expectations blown.",2,Chazapps,2020-09-02 22:48:16,False,Baskin Robbins
129,why can‚Äôt i merge my cards!?!,my only gripe with the app is that i can not merge the card balances. i often get the weekly tmobile baskin robbins deals but its frustrating that i have multiple low balance cards when it would me much easier to be able to put them all in one card. this would also make check out a while lot easier since i wouldn‚Äôt have to scan a bunch of different cards,2,kittydot,2018-07-11 00:25:36,False,Baskin Robbins
130,Worst App,"Literally the worst app I‚Äôve ever downloaded. Made an account, added a gift card, tried to add another, then the app crashed. Tried to login again and it doesn‚Äôt let me login at all. Then I opened it an hour later and I was logged in...but now with a $0 balance.",1,cmusicfan05,2018-07-10 16:42:48,False,Baskin Robbins
131,Can‚Äôt login,"This app only occasionally worked in the past with hit/miss luck even when it did work if the particular Baskin Robbin branch would even accept the coupon when shown in-app. One branch in particular where ANY coupons from ANY app or source ARE NOT ACCEPTED include the Baskin Robbins at Northgate Mall, Seattle.",1,LegoZebra,2018-11-06 17:07:10,False,Baskin Robbins
132,My favorite ice cream place,"My wife, grandkids, and I love Basking Robins ice cream variety and the great coupons and special offers, an excellent motivational factor.",5,Tired of scams too,2020-03-01 19:10:09,False,Baskin Robbins
133,The scooper,Everything is good but the portion of d scoop is extremely small,5,luluchuchi,2021-02-26 19:52:10,False,Baskin Robbins
134,Tie this to the Dunkin app!,I‚Äôve had the Dunkin app for several years now. It is exceptional. I just downloaded the BR app and am very unimpressed. Why can‚Äôt this app be as good as the Dunkin app? Or better yet combine the two!!,2,CBS FANATIC,2020-07-12 16:48:18,False,Baskin Robbins
135,Please update,"I used to use the app to redeem reward. But nowadays since I changed my phone, I can‚Äôt log in manually or through Facebook. Guess I‚Äôm not going to BR anymore since I‚Äôm not paying full price",2,Bokimu,2019-12-01 03:32:24,False,Baskin Robbins
136,Absolutely terrible.,"My $20 gift card was taken away from this ridiculous app when I wanted to add all my values to one card. You have also ""temporarily disabled"" the reloading function, which seems this app close to useless payment-wise.",1,x Jenn,2018-08-21 20:14:11,False,Baskin Robbins
137,Coupons,"The first store I tried to use the pay function, it didn‚Äôt work. According to the employee it happens frequently.

Why do you have only 5 minutes to use a coupon? I thought 05:00 was 5 hours. Even then WHY??? I‚Äôm logged in.",1,Iowachick22,2017-11-10 22:21:42,False,Baskin Robbins
138,App doesn‚Äôt show show Ice Cream Flavors!,"This app use to be good when they had all Ice Cream Flavors on the App, BUT for whatever reason‚Ä¶. They took the Ice Cream flavors off?? WHAT THE HECK!! I‚Äôll keep the App in case the app mysteriously puts the flavors back on, but come on Baskin Robbins!! ADD THE FLAVORS OF YOUR ICE CREAM BACK ON OR YOUR APP IS USELESS!!!",2,Mcgoron23,2022-03-19 15:04:56,False,Baskin Robbins
139,When the pandemic began,"Your ice cream is overpriced for quality offered. 

Usually only worth going to when have special deals. Only time the ice cream is worth the bargain. With the pandemic‚Äôs arrival this brand of ice cream went downhill. Not for quality but service.",1,open ambushÓÑáÓÑå,2020-12-15 22:46:22,False,Baskin Robbins
140,Logging in,Everything‚Äôs fine just constantly having to log in is annoying asf,3,MinaJoy081606,2018-05-22 20:59:19,False,Baskin Robbins
141,Too Many Gift Cards without ability to combine them,The app is lacking the ability to merge your existing gift card balance into another gift card.  A necessity since they partnered with T-Mobile and give out weekly gift cards.,1,booo :-(,2018-06-19 17:17:42,False,Baskin Robbins
142,App doesn‚Äôt work,My app hasn‚Äôt worked for months - can‚Äôt reload it and have been waiting for a fix!,3,kaosmart,2018-04-21 13:44:39,False,Baskin Robbins
143,App does not work,"I recently signed up for a rewards account on the Baskin-Robbins website, downloaded this App, and the App returns a communication with network error. Bad job Baskin-Robbins, please fix this app.",2,Scott611,2020-04-19 09:17:23,False,Baskin Robbins
144,Not very intuitive,Found it difficult to navigate with sections not clearly defined. Deleted and went in store to complete purchase.,2,Stripedcub,2021-02-01 16:45:59,False,Baskin Robbins
145,Not able to order,"Tried multiple times downloading the app on the iPhone and it does not give me the option to order - see just the pics 
This needs to be corrected",1,ARR1963,2020-02-08 13:53:53,False,Baskin Robbins
146,Pointless,This app is pointless. Anytime I want to redeem an offer they make you print out a barcode‚Ä¶ what‚Äôs the point of the app then! So annoyed and frustrated will not be coming back to any BR location.,1,ayyojackie,2022-03-16 22:26:07,False,Baskin Robbins
147,Card merge feature,"Please add card merge feature, Dunkin Donuts have this feature and it saves lot of time managing those cards vs one card where you can merge all your balances.",2,PiyushGA,2018-09-06 11:14:03,False,Baskin Robbins
148,Horrible experience,This app is really horrible. It suddenly logged me off on the app. And then i just couldn‚Äôt sign in using my credentials. It displays no error message. My credentials are correct as i signed in using the same on the website,1,priyankareddy,2019-11-11 09:09:52,False,Baskin Robbins
149,Terrible on an iPhone 5,"App does not let me stay logged in, I have to reenter my email and password every time. Will not let you paste the gift card number from T-mobile. Also keyboard covers field you want to type in.",1,98765one2three,2018-07-10 13:09:29,False,Baskin Robbins
150,Mediocre and behinds it‚Äôs time,App is terrible compared to Dunkin‚Äô Donuts app. And why can you still not merge gift cards? Dunkin has had this feature for more than a year. App needs to be cleaned up and the ability to merge gift cards needs to be added.,1,MRIVAS7500,2018-07-04 16:21:32,False,Baskin Robbins
151,App won‚Äôt connect/log me in,"The app won‚Äôt let me log in. I can log in on the website, but not the app. Because of this I can not access any local deals via the app. Please fix, thank you.",1,Serpiginous,2020-05-22 21:30:16,False,Baskin Robbins
152,Pointless,What is even the point of this app? Every other food app I have gives me the option to order from the app. On this I can only browse the menu and create a card. Waste of space.,1,Sgudehy,2019-06-03 01:04:08,False,Baskin Robbins
153,Virtual gift card,"Wish they would allow merging of gift cards already.  I get promo cards from T-Mobile and am not able to merge so I have to give the cashier multiple cards
To scan on my app.   Very annoying.",1,Mermaid knight,2018-09-10 01:35:06,False,Baskin Robbins
154,Should be able to merge card balance,"If you have more than one card, you should be able to merge you balances to one card",2,alexdwjr,2018-07-10 06:27:08,False,Baskin Robbins
155,Allow users to merge balance,"There needs to be an option where users can merge balance. If there were multiple cards linked on the app, there is no option to merge the balance.",1,Whydoineedtowriteareview63838,2017-10-31 10:57:25,False,Baskin Robbins
156,Merge gift cards,Can you add support for combining gift cards??? It‚Äôs a hassle for both the customer and cashier when you are paying with several cards.,2,Andy4real ,2018-06-22 20:16:48,False,Baskin Robbins
157,Poor,Please make a app and website that are actually user friendly. Also it would be great to see current flavors at a selected shop.,1,Reviewingreviewer,2021-06-16 01:38:33,False,Baskin Robbins
158,You stupid dumb idiotic pathetic damming pieces of trash.,I am so sick of you ugly freak idiots lying ü§• to me. I‚Äôm done with that. You deleted a lot of good flavors like the mudslide. Now me and my son have to eat chocolate and more. This is really stupid. I think you dumb dammites deserve a one star ‚≠êÔ∏è rate.,1,waasu#xj,2020-06-29 18:57:28,False,Baskin Robbins
159,Phone Number Required,Why do I need to provide a phone number to get ice cream coupons for an account that is already set up with my email?,1,weaselgopher,2021-05-12 20:35:33,False,Baskin Robbins
160,Combining gift cards,It would be nice if allowed combining of gift cards on the app.  Sometimes the app would just crash,3,Lick women's vaginas,2019-07-16 15:29:48,False,Baskin Robbins
161,Can‚Äôt log into account,I have many gift cards on my account and I haven‚Äôt been able to log into my account for months. Always an error communicating to the server... please fix,1,los.anjealous,2019-12-28 23:49:20,False,Baskin Robbins
162,Can‚Äôt login,"I am able to login through website, but not able to login through this app.",2,brsu3ks,2019-11-28 16:40:18,False,Baskin Robbins
163,Need better option,"This apps need to have an option to merge gift cards, have so many different t-mobile $2 BR gift and want to merge them into one..",2,tom88my,2019-03-20 00:41:40,False,Baskin Robbins
164,Bug Infested App,Coupon deal disappeared immediately after updating. Won‚Äôt open anymore. New version should be squished and thrown away.,1,The X-Termin8or,2022-01-22 19:28:45,False,Baskin Robbins
165,Time to fix this app,"The FB link doesn‚Äôt work. I have reset this account numerous times. I can log in on the website, but the app won‚Äôt get past the log in page. So frustrating.",1,victorey,2019-12-01 00:55:34,False,Baskin Robbins
166,Reasoning,"I needed to be updated!!  I now am!!
Maybe this is why I haven‚Äôt been receiving  specials and my birthday cone Ice cream.
Thanks for the update!",3,JohnnieJo,2020-12-08 15:40:18,False,Baskin Robbins
167,Combine cards,I have multiple gift cards from here but it‚Äôs frustrating not being able to combine them all on the app,2,hdidnfkdlsm,2018-04-17 19:36:09,False,Baskin Robbins
168,No price on items,The images look really nice but nothing I click shows a price or a way to order. So disappointing!!,2,Fag1561831662373;,2018-07-18 05:37:34,False,Baskin Robbins
169,inconvenient,"This app makes you relogin every time you open the app. Also it keeps changing my birthday date, I wasn‚Äôt able to get my free scoop because of the screw up. It‚Äôs very inconvenient as a whole.",1,nic_simp33,2019-07-21 22:51:52,False,Baskin Robbins
170,Why can‚Äôt you merge gift cards,All I want from this app is a way to conveniently pay with an e-gift card. It does not deliver. Seriously just let me merge gift cards and pay with them and I‚Äôll be completely happy with the app.,1,Fluffy the fluffster,2018-05-23 04:20:36,False,Baskin Robbins
171,Works everywhere except INSIDE the store,"Every single time ive tried to use this app while inside a store ive had to go outside to activate an app. no, this isnt because of my service, as other apps DO work inside. Uninstalled.",1,Dcypoe,2020-02-21 03:31:35,False,Baskin Robbins
172,App is trash,"Birthday is wrong and you can‚Äôt fix it.

Won‚Äôt let me log on. I‚Äôve already reset my account several times because it never recognizes the password

This app is trash",1,eatlasagna,2019-08-25 20:48:09,False,Baskin Robbins
173,"Useless App, don‚Äôt bother unless you want cake","So can‚Äôt order a scoop, can‚Äôt order a milkshake, can‚Äôt order anything contactless, can‚Äôt order anything personal. So let‚Äôs infect the world.",1,RABird,2020-07-03 02:14:09,False,Baskin Robbins
174,DO NOT WASTE YOUR TIME WITH THIS,"App doesn‚Äôt work, you can‚Äôt log in, sign up w/ facebook or email, constantly crashing/error messages, totally useless and a waste of time. Baskin Robbins, please join us in the year 2019 and create a functioning app.",1,your friendly neighborhood bob,2019-10-23 12:03:33,False,Baskin Robbins
175,App won‚Äôt let me log in to access my gift cards.,Please get this fixed. I have numerous gift cards on your app and I cannot access them.,1,Dr.brochacho,2020-05-30 22:06:31,False,Baskin Robbins
176,Not even sure why this exists...,"Downloaded this and most of it doesn‚Äôt do anything. Can‚Äôt find prices, it wouldn‚Äôt order anything, couldn‚Äôt add to the shopping cart. What‚Äôs the point?",1,random nick16369842,2019-09-05 01:48:55,False,Baskin Robbins
177,Card errors?,I went to baskin Robbins to pay with my gift cards which are loaded on the app. I got my ice cream but when it was time to pay I waited a long time before the cashier said it wasn‚Äôt working.,1,Brightlikeadiamond,2018-08-11 23:21:14,False,Baskin Robbins
178,jumping through hoops,Why do you make your customers login to the app every time? It makes the app very difficult to use.,1,eye see eyes cream,2020-10-14 23:03:41,False,Baskin Robbins
179,Logs me out all the time,"EVERY time I go to use this app, it has logged me out. Super annoying. It‚Äôs 2019 and the developers can‚Äôt figure out how to keep us logged in to their app. Makes me never want use the app.",1,HeRatesApps,2019-08-26 16:25:39,False,Baskin Robbins
180,Conchitad,"I have my favorite flavor and 
I visit this store about 1 per month.",4,conchitad,2020-01-02 03:02:54,False,Baskin Robbins
181,Can‚Äôt merge gift cards,"Not many options in the app. Can‚Äôt order for store pick up. Can‚Äôt merge gift cards, so when paying at the store need to show each card one at a time.",1,<3Music<3God,2018-09-18 13:45:53,False,Baskin Robbins
182,This app is TRASH.,"You have to be a complete moron to design an app like this. Everything is completely counterintuitive, with multiple redundant features and absolutely no idea how to build simple UI architecture. Fix this, Baskin Robbins. Your ice cream is good, technology not.",1,Ic3Cre@mLover,2018-07-10 16:46:59,False,Baskin Robbins
183,TERRIBLE!!!,"Get locations of stores and pictures of cakes. That‚Äôs. It. No information about the cakes, can‚Äôt order the cake, no price, serving size, ingredients, etc. THE most worthless app that has EVER had the privilege of being on my phone.",1,New Fan Today,2018-04-14 12:30:45,False,Baskin Robbins
184,Terrible app nothing works,Tried to order DIY kit for family night and nothing worked. Wasted of time don‚Äôt waste time and download,1,LVMcKc2010,2022-01-12 23:29:40,False,Baskin Robbins
185,Cannot e-gift via text,Baskin Robbins‚Äô website specifically says this app is used to send e-gifts via text message but thar is not possible. I am so disappointed.,1,GoldenLadyBug328,2020-09-04 20:05:52,False,Baskin Robbins
186,Ok,I think they should add a point system type of thing like other nation wide food company,2,something no one choseüò©,2020-08-28 00:16:58,False,Baskin Robbins
187,Merge balance,"The products are delicious. However, the app is complicated. Can you add the merge balance function? It‚Äôll be awesome.",3,Julia.NN,2018-06-19 16:24:19,False,Baskin Robbins
188,Missing so much,"You cannot transfer balances of card to other cards, I‚Äôve never had it work seamlessly at a store (their registers won‚Äôt accept scan)",1,3chiles,2018-09-19 03:42:11,False,Baskin Robbins
189,Good luck,"This app needs an update almost daily. It rarely loads and when it does, it‚Äôs a waste of time. I need my sanity more than the ice cream, so this app has to go.",1,SmithPeeps,2022-01-17 00:47:42,False,Baskin Robbins
190,App log in broken,"You used to be able to log in to your account via the app, but no longer.  Just hangs on the login screen.",1,firsttimemwc,2019-08-18 15:51:54,False,Baskin Robbins
191,Gift card problems,Still can‚Äôt add gift card to gather so I have like eight cards be nice if you could just do that you know Dunkin‚Äô Donuts does that,2,cetmike,2019-03-19 00:12:58,False,Baskin Robbins
192,Lame,Useless. None of the stores around me list their flavors- and the ones that do only list 11. So what‚Äôs the point if you can‚Äôt see all the flavors?,1,oldsmirk,2021-03-14 01:23:29,False,Baskin Robbins
193,Can‚Äôt login,"Had to create account online, because it didn‚Äôt work on app. Still unable to login on app.",1,MrAgtang,2020-06-10 18:36:03,False,Baskin Robbins
194,Wrong dates,The App has all our Birthday dates wrong and doesn‚Äôt allow to change. Very Frustrating.,1,Anna Myka,2020-05-17 21:23:28,False,Baskin Robbins
195,Horrible waste of time,"Can‚Äôt log in, reset and it works in a browser, app still can‚Äôt log in after many tries. So not worth the trouble.",1,SodaPop678,2019-03-06 19:28:21,False,Baskin Robbins
196,Need to fix app,Need to put merge card available in the app. I have 10 cards that can‚Äôt merge together so purchasing ice cream in store is a hassle. Reload money in app is always down. Please fix it.,1,Win of Crosswords,2018-04-24 22:24:59,False,Baskin Robbins
197,App is broken,"Tried to redeem my birthday ice cream but every time I refreshed the screen, the days went backwards and I never was able to recieve anything.",1,R8NDOM,2020-05-08 19:26:06,False,Baskin Robbins
198,Doesn‚Äôt let order from app,Kind of useless.. no way to place order. Same facility had Dunkin Donuts which I use mobile order all the time.,1,Rpmstock,2019-11-01 23:42:51,False,Baskin Robbins
199,Updated but nothing changed .,Same issues no ability to merge balance .,1,Technology 2122,2019-09-16 13:53:14,False,Baskin Robbins
